Author,precision,recall,f1-score,support
Abhi Dhar,0.9761904761904762,0.9534883720930233,0.9647058823529412,43
Joel Holdsworth,0.0,0.0,0.0,1
Michael Dickey,0.9846153846153847,0.9974025974025974,0.9909677419354839,385
Mignon Belongie,1.0,0.9,0.9473684210526316,10
Vladimir Shcherbakov,1.0,0.7142857142857143,0.8333333333333333,7
micro avg,0.984304932735426,0.984304932735426,0.984304932735426,446
macro avg,0.7921611721611722,0.7130353367562671,0.7472750757348778,446
weighted avg,0.9821818689531695,0.984304932735426,0.9827622222650165,446
