Author,precision,recall,f1-score,support
Brian Anderson,0.3787878787878788,0.7653061224489796,0.5067567567567567,98
Jack Moffitt,0.7900355871886121,0.9779735682819384,0.8740157480314962,227
Martin Robinson,0.9447004608294931,0.721830985915493,0.8183632734530938,852
Patrick Walton,0.18055555555555555,0.52,0.26804123711340205,25
micro avg,0.7695507487520798,0.7695507487520798,0.76955074875208,1202
macro avg,0.5735198705903848,0.7462776691616028,0.6167942538386871,1202
weighted avg,0.8534592112551115,0.7695507487520798,0.7920218609610505,1202
