Author,precision,recall,f1-score,support
Brian Anderson,0.2878787878787879,0.7402597402597403,0.41454545454545455,77
Jack Moffitt,0.7864768683274022,0.9650655021834061,0.8666666666666667,229
Martin Robinson,0.9447004608294931,0.7077100115074798,0.8092105263157895,869
Patrick Walton,0.19444444444444445,0.5185185185185185,0.2828282828282829,27
micro avg,0.7545757071547421,0.7545757071547421,0.7545757071547421,1202
macro avg,0.553375140370032,0.7328884431172862,0.5933127325890484,1202
weighted avg,0.8556277620419894,0.7545757071547421,0.7830507301759162,1202
