Author,precision,recall,f1-score,support
Abhi Dhar,0.18181818181818182,1.0,0.3076923076923077,2
Michael Dickey,1.0,0.9781659388646288,0.988962472406181,458
Vladimir Shcherbakov,0.0,0.0,0.0,0
micro avg,0.9782608695652174,0.9782608695652174,0.9782608695652174,460
macro avg,0.393939393939394,0.6593886462882096,0.43221826003282954,460
weighted avg,0.9964426877470356,0.9782608695652174,0.9860004282117728,460
