Author,precision,recall,f1-score,support
Abhi Dhar,0.09090909090909091,1.0,0.16666666666666669,1
Michael Dickey,1.0,0.9760348583877996,0.9878721058434399,459
Vladimir Shcherbakov,0.0,0.0,0.0,0
micro avg,0.9760869565217392,0.9760869565217392,0.9760869565217392,460
macro avg,0.3636363636363636,0.6586782861292665,0.38484625750336887,460
weighted avg,0.9980237154150197,0.9760869565217392,0.9860868766278382,460
