Author,support,precision,recall,f1-score
macro avg,143,0.9860133020344288,0.5860133020344288,0.9860133020344288
weighted avg,143,0.986013986013986,0.686013986013986,0.686013986013986
Mark Wenning,72,0.9861111111111112,0.9861111111111112,0.9861111111111112
micro avg,143,0.986013986013986,0.486013986013986,0.986013986013986
Thi Tran,71,0.9859154929577465,0.9859154929577465,0.9859154929577465
